epoch,train_loss,val_loss,val_accuracy
1,0.891942,0.693888,56.2000
2,0.772132,0.691469,58.3000
3,0.728472,0.701141,57.9000
4,0.695613,0.713051,56.7000
5,0.667003,0.722498,58.2000
6,0.639936,0.744349,58.2000
7,0.610683,0.764137,58.1000
